domain,stories,total_score,total_comments,average_score,average_trend_score
swarmtraces.org,1,550,348,550.0,32.263
ollaya.dev,1,498,125,498.0,16.452
cnbc.com,1,459,788,459.0,37.788
go.dev,1,393,145,393.0,10.618
aymannadeem.com,1,384,351,384.0,12.415
github.com,1,341,108,341.0,8.605
cbsnews.com,1,290,73,290.0,15.9
sunilsadasivan.com,1,270,117,270.0,8.656
quantamagazine.org,1,227,183,227.0,11.027
fnl.mit.edu,1,226,129,226.0,11.584
gultsch.de,1,221,80,221.0,53.313
sockpuppet.org,1,221,309,221.0,22.413
jev-pokemon.vercel.app,1,217,90,217.0,7.001
techcommunity.microsoft.com,1,213,151,213.0,13.122
jezebel.com,1,207,99,207.0,13.986
terrytao.wordpress.com,1,194,269,194.0,29.731
news.ycombinator.com,1,162,156,162.0,11.122
bloomberg.com,1,127,121,127.0,6.397
jenson.org,1,127,19,127.0,0.331
ambionix.com,1,121,39,121.0,2.797
lexontech.org,1,118,13,118.0,13.804
safateam.com,1,112,30,112.0,2.2
blog.llvm.org,1,104,3,104.0,1.089
blog.bustikiller.com,1,103,112,103.0,37.828
allanrbo.blogspot.com,1,101,29,101.0,7.586
gmays.com,1,99,28,99.0,0.386
dbos.dev,1,88,27,88.0,1.218
epestr.com,1,79,20,79.0,1.723
hackeratlas.com,1,70,23,70.0,1.964
floci.io,1,65,9,65.0,6.992
safenotsafe.dev,1,62,17,62.0,6.917
tuckerosman.com,1,61,6,61.0,0.439
thereader.mitpress.mit.edu,1,59,15,59.0,0.87
cultivatelabs.com,1,57,34,57.0,2.133
homelabfest.org,1,57,32,57.0,4.592
nltimes.nl,1,57,42,57.0,0.763
adekau.github.io,1,54,6,54.0,0.476
spectrum.ieee.org,1,50,18,50.0,2.44
computer.rip,1,46,2,46.0,0.27
jointhefreeworld.org,1,46,9,46.0,0.463
lemonde.fr,1,42,20,42.0,21.791
theguardian.com,1,34,25,34.0,5.463
windowscentral.com,1,34,12,34.0,6.406
phys.org,1,30,13,30.0,0.317
amutable.com,1,23,6,23.0,0.261
lasso.security,1,20,0,20.0,5.884
ethz.ch,1,14,1,14.0,1.203
castle-engine.io,1,11,4,11.0,0.135
osti.gov,1,11,5,11.0,0.118
arstechnica.com,1,8,0,8.0,1.147
